{"1":0.0026102784,"2":0.001486897,"3":0.0052586178,"4":0.0036819679,"5":0.0041179116,"6":0.0030628042,"7":0.005185989,"8":0.0069768271,"9":0.0412869322}