{"Male":0.027905081,"Female":0.0457631441}